id,revenue
3001,772330.6
3002,341135.84
3003,2364747.5
3004,16632532.0
3005,2380509.5
3006,4128131.8
3007,2041426.9
3008,16533090.0
3009,22005798.0
3010,82969530.0
3011,857437.94
3012,1480329.2
3013,14329773.0
3014,595035.44
3015,23381616.0
3016,521162.12
3017,40066460.0
3018,70229960.0
3019,2601272.0
3020,448876500.0
3021,31750300.0
3022,33785130.0
3023,317022.2
3024,22259590.0
3025,1233330.1
3026,45511096.0
3027,4124712.0
3028,65397500.0
3029,431797.84
3030,33278280.0
3031,8570263.0
3032,6108680.0
3033,10964.518
3034,368201.03
3035,1147859.2
3036,12489833.0
3037,25135004.0
3038,26677598.0
3039,10692722.0
3040,589234.25
3041,11241863.0
3042,470951.53
3043,5586512.5
3044,6400626.5
3045,162618820.0
3046,604780.06
3047,3040203.2
3048,21773662.0
3049,2678715.8
3050,16204253.0
3051,22661.621
3052,15627620.0
3053,192686.98
3054,1695796.8
3055,39439944.0
3056,222992.56
3057,42760652.0
3058,132948060.0
3059,740237.7
3060,47082316.0
3061,26388780.0
3062,7786357.0
3063,28472512.0
3064,36016530.0
3065,19045556.0
3066,38866790.0
3067,1361973.0
3068,23214044.0
3069,78689230.0
3070,646591.44
3071,7118046.5
3072,311557540.0
3073,934816.06
3074,221009.22
3075,24776162.0
3076,80322550.0
3077,15936303.0
3078,35598620.0
3079,25406174.0
3080,31149736.0
3081,10023849.0
3082,1662741.8
3083,10433934.0
3084,16963.4
3085,13136327.0
3086,38678732.0
3087,503877.7
3088,928869.06
3089,91491.27
3090,19455900.0
3091,19321326.0
3092,2065659.9
3093,74958150.0
3094,48270508.0
3095,30648326.0
3096,1102666.0
3097,355848540.0
3098,10647805.0
3099,35458884.0
3100,2870714.2
3101,2742867.2
3102,2141738.5
3103,402152.2
3104,192686.98
3105,44375930.0
3106,39438216.0
3107,23639234.0
3108,10667279.0
3109,2135304.0
3110,151634660.0
3111,7659027.5
3112,1202830.2
3113,9222046.0
3114,17376570.0
3115,14767401.0
3116,6785691.0
3117,913436.3
3118,2176833.5
3119,105643040.0
3120,128535870.0
3121,875991.94
3122,6628551.0
3123,4674731.0
3124,2575643.8
3125,264683.72
3126,21330946.0
3127,1706870.4
3128,22582026.0
3129,67713100.0
3130,6996012.5
3131,1943007.9
3132,3938580.0
3133,1827547.9
3134,3464324.5
3135,470418.28
3136,5650354.5
3137,39979816.0
3138,547466.0
3139,25375324.0
3140,43963876.0
3141,8181562.5
3142,256882.03
3143,75869660.0
3144,14778615.0
3145,1875783.8
3146,2092941.4
3147,15153079.0
3148,2312225.0
3149,27219336.0
3150,34491980.0
3151,4662251.5
3152,15099848.0
3153,3595768.2
3154,9809480.0
3155,20524768.0
3156,6055965.0
3157,9788677.0
3158,77956340.0
3159,2695452.0
3160,4815875.0
3161,823143.5
3162,3935831.5
3163,23224408.0
3164,945544.06
3165,745820.06
3166,291809.8
3167,34469160.0
3168,335545.44
3169,6913280.0
3170,11369801.0
3171,6647200.0
3172,31602156.0
3173,914218.0
3174,1478517.8
3175,2606929.2
3176,19087014.0
3177,25906920.0
3178,6326552.0
3179,3251974.5
3180,2493736.8
3181,1475772.1
3182,108308270.0
3183,12750197.0
3184,11833687.0
3185,30620162.0
3186,25037298.0
3187,4145142.5
3188,16333276.0
3189,44309110.0
3190,9907691.0
3191,14614688.0
3192,777141.25
3193,145727470.0
3194,28727862.0
3195,161753.03
3196,1959188.5
3197,10048025.0
3198,57235028.0
3199,68970840.0
3200,8692251.0
3201,4695118.0
3202,4118089.2
3203,182010.61
3204,1113501.8
3205,1051971.5
3206,10924246.0
3207,31389256.0
3208,11730225.0
3209,2855995.8
3210,186603840.0
3211,263119.3
3212,43932444.0
3213,37441830.0
3214,7816981.0
3215,3022591.5
3216,8865144.0
3217,149053620.0
3218,2108254.2
3219,1884370.4
3220,104161030.0
3221,6451627.5
3222,1039479.75
3223,3695073.2
3224,178200.55
3225,2096237.2
3226,6375472.5
3227,43888304.0
3228,69399440.0
3229,59778724.0
3230,18806550.0
3231,18805690.0
3232,31783140.0
3233,5472825.0
3234,1332616.0
3235,3684966.2
3236,1277309.5
3237,19897462.0
3238,8775510.0
3239,482607.9
3240,132702320.0
3241,817693.25
3242,1371727.2
3243,1429534.1
3244,2.210945
3245,5068912.0
3246,19798126.0
3247,19050316.0
3248,33705636.0
3249,20655586.0
3250,97163784.0
3251,350150.4
3252,11849294.0
3253,26021466.0
3254,147143.31
3255,277061.5
3256,28311838.0
3257,10408631.0
3258,5348877.5
3259,27030602.0
3260,4894686.5
3261,174198180.0
3262,22545446.0
3263,215156.19
3264,383033.9
3265,221009.22
3266,187823.7
3267,16460029.0
3268,203733.95
3269,24868200.0
3270,29091400.0
3271,1321529.4
3272,15035616.0
3273,15523405.0
3274,93174904.0
3275,16893070.0
3276,548588.06
3277,5183603.0
3278,55304000.0
3279,7307396.5
3280,72582130.0
3281,226957.62
3282,1008771.25
3283,152508590.0
3284,35304950.0
3285,29016920.0
3286,1095448.5
3287,1948913.0
3288,15957686.0
3289,33476142.0
3290,92054610.0
3291,29242830.0
3292,90705080.0
3293,42066804.0
3294,8512259.0
3295,7753834.0
3296,101322.125
3297,7918650.0
3298,44033532.0
3299,3209273.0
3300,23192846.0
3301,278046.44
3302,2217309.2
3303,3063335.0
3304,8735347.0
3305,20170020.0
3306,954883.25
3307,44940056.0
3308,8605932.0
3309,1151261.0
3310,3557379.2
3311,447444.47
3312,4561301.0
3313,30458522.0
3314,2441334.8
3315,60972404.0
3316,17110434.0
3317,1263909.0
3318,1025869.5
3319,850670.4
3320,12179348.0
3321,2205204.8
3322,1124867.8
3323,60861790.0
3324,4268098.0
3325,48110296.0
3326,46596936.0
3327,27126460.0
3328,11484642.0
3329,9077271.0
3330,43805176.0
3331,2090740.9
3332,23069180.0
3333,54835012.0
3334,2705702.2
3335,24347188.0
3336,11006860.0
3337,182010.61
3338,8736180.0
3339,1104811.1
3340,74949720.0
3341,3056698.8
3342,25359212.0
3343,36277690.0
3344,1204085.9
3345,2011791.0
3346,19755840.0
3347,309616.97
3348,10496171.0
3349,47052150.0
3350,94725090.0
3351,33771920.0
3352,4360712.5
3353,40817520.0
3354,6613491.5
3355,305978.3
3356,14745700.0
3357,777902.0
3358,6420796.0
3359,21041338.0
3360,2942734.5
3361,55720536.0
3362,8365612.0
3363,10170696.0
3364,12473335.0
3365,1126036.6
3366,37678892.0
3367,49719350.0
3368,215156.19
3369,21434294.0
3370,26634940.0
3371,27634060.0
3372,10186383.0
3373,42349380.0
3374,8132204.5
3375,49410404.0
3376,15799593.0
3377,2597897.8
3378,10650811.0
3379,59734044.0
3380,20938608.0
3381,1569790.6
3382,685054.06
3383,1594213.1
3384,33380820.0
3385,61327556.0
3386,1549752.6
3387,5311515.5
3388,72752890.0
3389,303765600.0
3390,2048318.6
3391,7293305.0
3392,2484059.8
3393,9080197.0
3394,53329070.0
3395,51475012.0
3396,1792299.0
3397,622178.56
3398,111006020.0
3399,41068116.0
3400,5749343.0
3401,2197954.8
3402,349137.72
3403,338894400.0
3404,2183207.8
3405,11517811.0
3406,35073460.0
3407,61201004.0
3408,35202410.0
3409,3313758.8
3410,16682732.0
3411,33906170.0
3412,16428445.0
3413,20625036.0
3414,209381.86
3415,12945575.0
3416,17998948.0
3417,27173222.0
3418,19976062.0
3419,83275680.0
3420,3723304.8
3421,12140036.0
3422,3515411.5
3423,156433140.0
3424,329024.66
3425,4626618.5
3426,6479701.5
3427,18093674.0
3428,812506.06
3429,17137576.0
3430,260350820.0
3431,619495.9
3432,7560396.5
3433,11753652.0
3434,3747589.5
3435,119855230.0
3436,52765908.0
3437,1261405.5
3438,7386824.0
3439,49330548.0
3440,13696483.0
3441,54098156.0
3442,978029.3
3443,3351643.8
3444,317840.16
3445,24205778.0
3446,221009.22
3447,1395090.6
3448,28750336.0
3449,7763253.0
3450,27390418.0
3451,35255560.0
3452,18590532.0
3453,24960008.0
3454,17312656.0
3455,4663630.0
3456,66158790.0
3457,7488152.0
3458,12791704.0
3459,331114020.0
3460,22936810.0
3461,3757223.0
3462,14360308.0
3463,24686772.0
3464,330632.3
3465,17763994.0
3466,24971294.0
3467,1526484.1
3468,47463444.0
3469,2640231.0
3470,221009.22
3471,14804035.0
3472,1486497.4
3473,26014866.0
3474,31972110.0
3475,72856480.0
3476,392889.9
3477,27592820.0
3478,909184.7
3479,97742050.0
3480,6639445.5
3481,1025112.56
3482,1125792.9
3483,452373.1
3484,1001003.94
3485,54761640.0
3486,56279904.0
3487,25840642.0
3488,16831062.0
3489,1171536.1
3490,21285712.0
3491,8812974.0
3492,1728888.8
3493,30340122.0
3494,2145461.0
3495,31382612.0
3496,1174271.1
3497,51925364.0
3498,3525567.5
3499,7546199.0
3500,1046145.9
3501,67993690.0
3502,27439256.0
3503,27619306.0
3504,32566408.0
3505,3925421.8
3506,33110500.0
3507,76103580.0
3508,3141769.2
3509,3250064.8
3510,21602816.0
3511,19717218.0
3512,78327160.0
3513,8313304.5
3514,20440462.0
3515,2306441.8
3516,4195404.5
3517,274367580.0
3518,27388538.0
3519,3755095.2
3520,243576.84
3521,492003.56
3522,5938854.5
3523,6674489.5
3524,45300470.0
3525,45110350.0
3526,9359307.0
3527,3836589.0
3528,4329778.0
3529,221925360.0
3530,20153984.0
3531,39357060.0
3532,36836750.0
3533,16990950.0
3534,9684162.0
3535,80316424.0
3536,14316250.0
3537,52418030.0
3538,21796764.0
3539,27722910.0
3540,13702231.0
3541,11022659.0
3542,17064448.0
3543,227699.06
3544,15978488.0
3545,2432239.0
3546,2473681.5
3547,39728356.0
3548,101399420.0
3549,1458672.0
3550,124011784.0
3551,68616696.0
3552,21189952.0
3553,16646433.0
3554,69339380.0
3555,33581148.0
3556,57183960.0
3557,9200629.0
3558,49358596.0
3559,35079750.0
3560,1067369.5
3561,27448418.0
3562,7768926.5
3563,3546177.5
3564,411122.38
3565,3429117.2
3566,19607784.0
3567,10057516.0
3568,2220924.0
3569,69309750.0
3570,648490.4
3571,16882538.0
3572,57471310.0
3573,1270400.8
3574,13686872.0
3575,9298631.0
3576,21628090.0
3577,1669332.2
3578,32968648.0
3579,25184480.0
3580,6278132.5
3581,21484680.0
3582,44417930.0
3583,380379.1
3584,11069579.0
3585,29430110.0
3586,15485257.0
3587,2935430.0
3588,5624425.0
3589,6681425.0
3590,7386401.5
3591,82204770.0
3592,366781.28
3593,637199.25
3594,342213.1
3595,9920852.0
3596,25578688.0
3597,1502018.8
3598,31124912.0
3599,8663699.0
3600,2442245.2
3601,306687.03
3602,2533340.8
3603,9675965.0
3604,2330157.8
3605,16403146.0
3606,2891257.2
3607,32819326.0
3608,45843204.0
3609,518538.03
3610,29523552.0
3611,182010.61
3612,1906222.8
3613,6358737.5
3614,40828732.0
3615,31334104.0
3616,3609215.2
3617,10074585.0
3618,23367706.0
3619,17850.475
3620,47204604.0
3621,160148960.0
3622,122980550.0
3623,42045068.0
3624,240401.61
3625,401943.6
3626,15466129.0
3627,30302184.0
3628,218257310.0
3629,9035072.0
3630,172276.69
3631,54427280.0
3632,4664582.0
3633,33024282.0
3634,291809.8
3635,4080434.5
3636,18928582.0
3637,1419724.9
3638,13838730.0
3639,32401476.0
3640,145994830.0
3641,5784586.0
3642,2588241.0
3643,10530963.0
3644,9685252.0
3645,14685775.0
3646,13129188.0
3647,27200186.0
3648,3179816.0
3649,6108144.0
3650,8876142.0
3651,121364080.0
3652,2028743.6
3653,94968040.0
3654,5270900.0
3655,24136900.0
3656,2257988.2
3657,660454.44
3658,430373.72
3659,38830708.0
3660,74303784.0
3661,14396920.0
3662,20192384.0
3663,95442350.0
3664,203733.95
3665,691623.06
3666,5235071.0
3667,48858044.0
3668,27695744.0
3669,2846161.0
3670,25276300.0
3671,1688636.1
3672,1680548.8
3673,78259810.0
3674,10155363.0
3675,130154000.0
3676,28626616.0
3677,1471918.0
3678,16395639.0
3679,15723595.0
3680,3763100.5
3681,4369771.0
3682,40862544.0
3683,1637831.5
3684,32276200.0
3685,39684656.0
3686,2372991.0
3687,44185136.0
3688,596340.3
3689,598554.44
3690,25435702.0
3691,6462964.5
3692,284877.47
3693,58788216.0
3694,53352880.0
3695,43342668.0
3696,8850294.0
3697,16360714.0
3698,22889480.0
3699,5698191.0
3700,236899.66
3701,23065792.0
3702,227804.62
3703,49221996.0
3704,43302180.0
3705,13156462.0
3706,41018640.0
3707,1791374.5
3708,6294937.5
3709,96141944.0
3710,3602186.8
3711,288824.38
3712,20339230.0
3713,21071660.0
3714,420263.03
3715,12792119.0
3716,4850028.0
3717,161753.03
3718,470507.12
3719,33724800.0
3720,1438342.2
3721,421049.72
3722,37032810.0
3723,1737507.0
3724,9366718.0
3725,3983122.0
3726,2585026.8
3727,36083084.0
3728,52476750.0
3729,4594231.5
3730,33730268.0
3731,51363696.0
3732,321204.84
3733,75795020.0
3734,118187830.0
3735,13552957.0
3736,8928601.0
3737,1632694.5
3738,779433.25
3739,6852504.0
3740,7140864.5
3741,6229115.5
3742,45196820.0
3743,12863808.0
3744,66812756.0
3745,30793466.0
3746,60286196.0
3747,148791.78
3748,7876277.5
3749,1362557.6
3750,590959.7
3751,10026774.0
3752,1533942.8
3753,3504609.2
3754,15569158.0
3755,28702338.0
3756,6789937.5
3757,103866030.0
3758,73380580.0
3759,2911122.8
3760,78266080.0
3761,36953004.0
3762,117370130.0
3763,12992326.0
3764,26673324.0
3765,1292627.4
3766,7558349.5
3767,7899717.5
3768,9380986.0
3769,329269.8
3770,2003762.4
3771,26138412.0
3772,2875640.8
3773,15767261.0
3774,6599630.5
3775,72612180.0
3776,47047216.0
3777,1403811.0
3778,239143.72
3779,2953333.5
3780,1504296.5
3781,18725586.0
3782,441197.84
3783,20211996.0
3784,2449474.0
3785,111671560.0
3786,6135063.0
3787,79417960.0
3788,1097075800.0
3789,1181070.4
3790,803678.3
3791,9843835.0
3792,171700.81
3793,616267.94
3794,2662022.2
3795,398493470.0
3796,9792095.0
3797,12898770.0
3798,11467875.0
3799,1337264.0
3800,1594891.4
3801,33559636.0
3802,979309.8
3803,4423225.0
3804,284877.47
3805,239143.72
3806,31978514.0
3807,1016723.9
3808,3090560.2
3809,16421866.0
3810,4192916.5
3811,3123837.2
3812,2641775.0
3813,43485.316
3814,1450068.5
3815,97884584.0
3816,30697002.0
3817,87158210.0
3818,37576404.0
3819,36062580.0
3820,61907188.0
3821,41810510.0
3822,6681119.0
3823,4267271.5
3824,5774328.5
3825,2150418.2
3826,52774970.0
3827,30779784.0
3828,1441339.9
3829,192686.98
3830,21709800.0
3831,109006.01
3832,90532584.0
3833,22832968.0
3834,7282823.5
3835,3265057.2
3836,2798131.5
3837,23940250.0
3838,41742144.0
3839,2864834.2
3840,19910598.0
3841,2071805.5
3842,4640887.5
3843,37163216.0
3844,320555.78
3845,64935.336
3846,469675.5
3847,1227680.9
3848,1565059.5
3849,52791780.0
3850,23731484.0
3851,28495710.0
3852,2019181.5
3853,37994410.0
3854,144217.78
3855,391320.84
3856,3582976.2
3857,351877920.0
3858,215156.19
3859,2584851.8
3860,16802388.0
3861,30916996.0
3862,6024139.5
3863,49342784.0
3864,44847064.0
3865,54275716.0
3866,6339059.5
3867,28601456.0
3868,8465789.0
3869,45951844.0
3870,47221710.0
3871,345571230.0
3872,9286773.0
3873,21690140.0
3874,920951.7
3875,48526950.0
3876,87611.43
3877,15748987.0
3878,64021136.0
3879,96181190.0
3880,10869003.0
3881,182010.61
3882,859645.3
3883,1202701.8
3884,10012899.0
3885,14188214.0
3886,15839513.0
3887,7499193.5
3888,5012562.5
3889,32872640.0
3890,60586370.0
3891,4107859.5
3892,2575324.2
3893,78920410.0
3894,46726430.0
3895,16660600.0
3896,25925902.0
3897,830303.2
3898,17741342.0
3899,377763460.0
3900,7970769.5
3901,145244.28
3902,176810.23
3903,2957837.8
3904,9136485.0
3905,11068608.0
3906,34582824.0
3907,3774828.8
3908,3252619.8
3909,253174.8
3910,9274453.0
3911,806150.06
3912,6311420.0
3913,41199452.0
3914,13165198.0
3915,128373190.0
3916,200406.9
3917,2330671.2
3918,5914584.0
3919,41941264.0
3920,12566825.0
3921,517113.8
3922,12974769.0
3923,21315208.0
3924,15186614.0
3925,94569830.0
3926,918182.25
3927,46758348.0
3928,51564336.0
3929,20865332.0
3930,351713.66
3931,7248829.0
3932,2587456.2
3933,15807280.0
3934,29063836.0
3935,14773.957
3936,829183.44
3937,54504150.0
3938,4878860.0
3939,12887974.0
3940,1676324.6
3941,18489750.0
3942,84107656.0
3943,381806900.0
3944,1169180.0
3945,20890220.0
3946,457845.25
3947,24459130.0
3948,4199023.0
3949,2072526.8
3950,2094438.9
3951,2731676.2
3952,23875542.0
3953,32421010.0
3954,103397770.0
3955,6304075.0
3956,33851630.0
3957,2996428.0
3958,1141260.9
3959,6063986.5
3960,327998.62
3961,19856744.0
3962,2610402.2
3963,13852066.0
3964,271694000.0
3965,48426260.0
3966,34144930.0
3967,101599600.0
3968,18275662.0
3969,1371006.6
3970,10146844.0
3971,8460253.0
3972,4903044.5
3973,30439066.0
3974,142924.72
3975,65360710.0
3976,31126692.0
3977,47475668.0
3978,75672250.0
3979,476388.47
3980,1438030.9
3981,3455844.0
3982,4295452.5
3983,9591368.0
3984,78864740.0
3985,2769171.5
3986,350815070.0
3987,25929116.0
3988,9174553.0
3989,19979264.0
3990,21756018.0
3991,1022035.7
3992,308458.12
3993,5527270.5
3994,26721036.0
3995,19677206.0
3996,32509808.0
3997,10966438.0
3998,36660332.0
3999,3098274.2
4000,26562392.0
4001,11934578.0
4002,97346320.0
4003,223476.69
4004,26548464.0
4005,839997.56
4006,24833976.0
4007,226957.62
4008,6339343.5
4009,15457135.0
4010,996130.06
4011,12478903.0
4012,69985384.0
4013,37275524.0
4014,642906.44
4015,33588452.0
4016,19379752.0
4017,12168481.0
4018,48627852.0
4019,165124260.0
4020,2197055.8
4021,31362386.0
4022,2855167.8
4023,88633650.0
4024,3653835.8
4025,802499.6
4026,29673722.0
4027,29025056.0
4028,2728442.5
4029,192686.98
4030,17405960.0
4031,45985510.0
4032,663891.0
4033,217472.84
4034,1375399.0
4035,46994840.0
4036,586426.8
4037,12432386.0
4038,5992441.5
4039,2179051.8
4040,5544523.5
4041,1640579.8
4042,29755220.0
4043,2611756.8
4044,37091550.0
4045,38283270.0
4046,5351439.0
4047,172239000.0
4048,7553982.5
4049,113302.81
4050,1342911.5
4051,167559900.0
4052,15257165.0
4053,335835.8
4054,1173676.5
4055,9392283.0
4056,8261040.5
4057,590959.7
4058,5867073.5
4059,2502208.0
4060,29119100.0
4061,40414916.0
4062,24312338.0
4063,12503133.0
4064,16056361.0
4065,48462852.0
4066,1882243.9
4067,18952426.0
4068,2376236.2
4069,8920192.0
4070,6705100.0
4071,1230721.8
4072,1716467.0
4073,58680224.0
4074,6002.562
4075,11293786.0
4076,25538470.0
4077,180443310.0
4078,4668930.5
4079,53069010.0
4080,739465.1
4081,897065.7
4082,66078584.0
4083,26953376.0
4084,233002.33
4085,13278885.0
4086,61602000.0
4087,7157241.0
4088,17490658.0
4089,13459676.0
4090,2572722.2
4091,53561184.0
4092,20104226.0
4093,23274650.0
4094,1484649.9
4095,126729096.0
4096,4805098.5
4097,18411202.0
4098,9672311.0
4099,2073412.5
4100,52013584.0
4101,17394078.0
4102,4658891.5
4103,24484476.0
4104,2571959.2
4105,171700.81
4106,1347868.0
4107,176668.66
4108,18595072.0
4109,291809.8
4110,8578580.0
4111,1310317.6
4112,15093369.0
4113,2454862.0
4114,101458424.0
4115,3647704.5
4116,11995855.0
4117,3770119.5
4118,25140998.0
4119,17518602.0
4120,689617.56
4121,2581036.0
4122,51530120.0
4123,906410.0
4124,24236916.0
4125,7952327.0
4126,6292494.5
4127,616521.3
4128,1755384.8
4129,284427.12
4130,2108248.2
4131,67948830.0
4132,48150324.0
4133,21097478.0
4134,7922056.5
4135,14373516.0
4136,189769600.0
4137,5601151.0
4138,23153244.0
4139,4049043.2
4140,1785280.9
4141,4059103.2
4142,14386517.0
4143,19761720.0
4144,636496.5
4145,15844196.0
4146,6189912.5
4147,685577.56
4148,16651451.0
4149,5049930.5
4150,753966.3
4151,645970.75
4152,18759082.0
4153,10031576.0
4154,2237719.5
4155,9502489.0
4156,6302728.5
4157,3228609.8
4158,9417091.0
4159,31159540.0
4160,116229070.0
4161,4792225.0
4162,14967516.0
4163,41568464.0
4164,11844255.0
4165,1576710.2
4166,1548114.4
4167,28372654.0
4168,4047425.5
4169,328191.66
4170,1725630.5
4171,71542490.0
4172,26952966.0
4173,3281204.8
4174,5140022.5
4175,3162764.8
4176,10004576.0
4177,192686.98
4178,173834420.0
4179,1759991.1
4180,35172004.0
4181,29335116.0
4182,2823465.5
4183,25198270.0
4184,14180288.0
4185,4178247.0
4186,19030596.0
4187,13895384.0
4188,11852142.0
4189,235894.17
4190,192686.98
4191,602044.94
4192,178663.39
4193,83213120.0
4194,58844532.0
4195,2482373.5
4196,4085122.5
4197,11132337.0
4198,839997.56
4199,3546603.8
4200,29917638.0
4201,41953504.0
4202,23685360.0
4203,13276302.0
4204,45536016.0
4205,1472360.2
4206,21203454.0
4207,117011144.0
4208,161069500.0
4209,46294676.0
4210,41044624.0
4211,17681884.0
4212,205978420.0
4213,2106546.0
4214,10051494.0
4215,1975654.6
4216,968876.7
4217,2147876.8
4218,16298670.0
4219,10477089.0
4220,14254345.0
4221,211440.66
4222,2.210945
4223,34707850.0
4224,2362452.8
4225,20019736.0
4226,7016398.0
4227,9682278.0
4228,271315.03
4229,40635828.0
4230,21330866.0
4231,5324986.5
4232,1690083.0
4233,26721954.0
4234,33782100.0
4235,5106758.5
4236,1512033.1
4237,3314691.2
4238,23494630.0
4239,83701490.0
4240,151217890.0
4241,63302428.0
4242,1336981.0
4243,325916.34
4244,26949624.0
4245,1312437.5
4246,2219289.5
4247,22305150.0
4248,4989717.0
4249,25792386.0
4250,14382456.0
4251,523608.22
4252,54847984.0
4253,49123516.0
4254,28695824.0
4255,35082428.0
4256,91367860.0
4257,44574852.0
4258,11976582.0
4259,954739.4
4260,77003460.0
4261,10225919.0
4262,649661.5
4263,2191838.5
4264,104191830.0
4265,3534084.2
4266,4121075.0
4267,2143745.2
4268,7447074.5
4269,4997846.5
4270,99502690.0
4271,21041258.0
4272,192686.98
4273,2403091.2
4274,22662974.0
4275,4165078.5
4276,8916263.0
4277,16146652.0
4278,2325977.2
4279,27279106.0
4280,319954.72
4281,378223.94
4282,3461943.2
4283,320555.78
4284,3284119.5
4285,192686.98
4286,113626100.0
4287,14666656.0
4288,39659764.0
4289,40566440.0
4290,37560710.0
4291,2015581.9
4292,1575447.8
4293,11421227.0
4294,54631756.0
4295,63727524.0
4296,29611020.0
4297,3206721.5
4298,620849.7
4299,3161552.2
4300,21009176.0
4301,1460540.1
4302,2554303.5
4303,3906774.5
4304,16558558.0
4305,19939862.0
4306,15097026.0
4307,215265.98
4308,284877.47
4309,23416026.0
4310,264683.72
4311,343196.84
4312,22821604.0
4313,51556270.0
4314,2095645.6
4315,67775520.0
4316,126032936.0
4317,258150.98
4318,20344312.0
4319,176810.23
4320,4038511.2
4321,23260538.0
4322,2550219.2
4323,3795129.2
4324,3231730.2
4325,1282322.2
4326,2938031.8
4327,60677148.0
4328,2360466.5
4329,461535.2
4330,399615400.0
4331,29683458.0
4332,32420826.0
4333,1189759.4
4334,66522070.0
4335,28792042.0
4336,21225184.0
4337,189706.7
4338,90610150.0
4339,62693584.0
4340,9826727.0
4341,11320680.0
4342,7955293.0
4343,16240331.0
4344,1127717.4
4345,284877.47
4346,26760616.0
4347,41305280.0
4348,423910.75
4349,66897044.0
4350,3307516.8
4351,85924376.0
4352,295806.75
4353,91803520.0
4354,27369164.0
4355,20690166.0
4356,2255709.0
4357,68635410.0
4358,9809947.0
4359,12169897.0
4360,28417118.0
4361,33217022.0
4362,2996839.5
4363,28935124.0
4364,51218812.0
4365,808697.25
4366,27305654.0
4367,39014300.0
4368,60682012.0
4369,13901879.0
4370,26633212.0
4371,18866154.0
4372,17775416.0
4373,3346112.2
4374,20795406.0
4375,681751.7
4376,147499.89
4377,3625837.0
4378,1817487.8
4379,72419500.0
4380,45607380.0
4381,50882492.0
4382,23014816.0
4383,87839460.0
4384,10909109.0
4385,434381.72
4386,23186078.0
4387,25989720.0
4388,26897706.0
4389,52979804.0
4390,3769547.8
4391,771788.7
4392,50731900.0
4393,30957062.0
4394,24306774.0
4395,2484976.8
4396,24355596.0
4397,7465648.5
4398,70908610.0
4399,1790602.5
4400,6159627.0
4401,5604512.0
4402,16693172.0
4403,19386850.0
4404,30390278.0
4405,14936801.0
4406,648008.1
4407,3235683.8
4408,1340080.4
4409,226957.62
4410,6616664.5
4411,10898024.0
4412,41339490.0
4413,30332196.0
4414,256947.45
4415,3702148.8
4416,1098706.5
4417,88780850.0
4418,507803.47
4419,18132090.0
4420,459727330.0
4421,1136285.9
4422,2969295.5
4423,1639691.2
4424,213692.23
4425,27197124.0
4426,11831272.0
4427,23349216.0
4428,4185848.8
4429,1540385.6
4430,498242.0
4431,5544.7163
4432,80756984.0
4433,46048180.0
4434,103853150.0
4435,10351039.0
4436,10885518.0
4437,1615275.9
4438,507672.75
4439,7375477.0
4440,3197834.5
4441,26858642.0
4442,1054942.2
4443,313215.53
4444,976850.1
4445,4100524.5
4446,924163.06
4447,31616324.0
4448,6767066.0
4449,710135.6
4450,41666340.0
4451,130920610.0
4452,17896320.0
4453,1126585.5
4454,192686.98
4455,390470.9
4456,28298504.0
4457,1373660.9
4458,177858.94
4459,19637462.0
4460,637487.3
4461,55936910.0
4462,38283856.0
4463,6541998.5
4464,24566104.0
4465,11999928.0
4466,264683.72
4467,18398178.0
4468,1392290.1
4469,22967018.0
4470,18800202.0
4471,200136.84
4472,56463012.0
4473,4291964.0
4474,4767100.5
4475,1676922.6
4476,443322.28
4477,23158632.0
4478,1403128.4
4479,2292542.8
4480,77003170.0
4481,2036720.9
4482,3033869.0
4483,1506819.2
4484,749385.6
4485,12532691.0
4486,12122336.0
4487,7520816.0
4488,26331312.0
4489,27049168.0
4490,2.210945
4491,60116716.0
4492,10316625.0
4493,2618208.5
4494,8963188.0
4495,11485102.0
4496,15947736.0
4497,1310428.9
4498,30624952.0
4499,820609.5
4500,54864828.0
4501,41243012.0
4502,8039654.0
4503,174637310.0
4504,1037611.75
4505,1510963.6
4506,45184410.0
4507,2049176.4
4508,2106307.0
4509,1031207.5
4510,5572343.0
4511,64144950.0
4512,489692.97
4513,22141070.0
4514,6549964.0
4515,58950240.0
4516,3637824.5
4517,10384379.0
4518,60232064.0
4519,38062444.0
4520,7524733.0
4521,10398550.0
4522,36783464.0
4523,19347804.0
4524,661036.7
4525,3390579.5
4526,2139015.5
4527,18099092.0
4528,2043764.4
4529,1662297.8
4530,12526979.0
4531,4164073.8
4532,6241198.0
4533,13984641.0
4534,5989453.5
4535,31073838.0
4536,8096306.5
4537,2997439.8
4538,20546076.0
4539,243704.4
4540,28535742.0
4541,13848869.0
4542,31849042.0
4543,30393176.0
4544,1696921.0
4545,1062380.1
4546,435564.78
4547,2256617.0
4548,4319809.5
4549,409588.3
4550,1159612.4
4551,363162000.0
4552,63888052.0
4553,9477184.0
4554,111386510.0
4555,820060.3
4556,18566578.0
4557,3152598.2
4558,22593960.0
4559,40494316.0
4560,41510150.0
4561,17572314.0
4562,697841.75
4563,124844090.0
4564,70571.055
4565,226957.62
4566,14082554.0
4567,51080276.0
4568,1387339.6
4569,10308658.0
4570,13399353.0
4571,1913997.5
4572,18309610.0
4573,25799570.0
4574,251717.28
4575,1399361.2
4576,12099467.0
4577,2447482.0
4578,14128210.0
4579,3251357.5
4580,15040434.0
4581,5580149.5
4582,28800336.0
4583,40426016.0
4584,3263018.5
4585,52579450.0
4586,3373694.2
4587,1463916.1
4588,87698340.0
4589,1920891.4
4590,1898468100.0
4591,36108560.0
4592,502941.5
4593,612313.0
4594,12409548.0
4595,63314864.0
4596,74291880.0
4597,10657497.0
4598,83525900.0
4599,9532187.0
4600,555357.56
4601,26172586.0
4602,11433389.0
4603,11842877.0
4604,11022281.0
4605,49981300.0
4606,70401090.0
4607,19361834.0
4608,5647714.5
4609,10147715.0
4610,83900810.0
4611,24111270.0
4612,15027330.0
4613,10813338.0
4614,4198214.0
4615,4185948.5
4616,823888.8
4617,27165810.0
4618,582396.7
4619,7673313.5
4620,1858040.2
4621,77745040.0
4622,4317301.0
4623,7365559.0
4624,28684.016
4625,17884990.0
4626,7313671.0
4627,6011771.5
4628,2783039.2
4629,239284.94
4630,6989030.5
4631,4772440.5
4632,5826447.5
4633,2.210945
4634,443322.28
4635,510168.38
4636,40550970.0
4637,464646.97
4638,9027699.0
4639,732293.56
4640,20377672.0
4641,5238167.5
4642,4881913.0
4643,27450668.0
4644,5049246.5
4645,46127.402
4646,381892860.0
4647,488688.06
4648,1112820.2
4649,38912188.0
4650,40323440.0
4651,39514640.0
4652,160726100.0
4653,152162.3
4654,33136276.0
4655,54028656.0
4656,6738903.0
4657,3127205.5
4658,15794923.0
4659,2142363.5
4660,1745141.0
4661,5839720.5
4662,1661926.9
4663,3311945.2
4664,3530762.8
4665,17500936.0
4666,22005126.0
4667,55438656.0
4668,270094.94
4669,2994060.0
4670,22743822.0
4671,5030573.5
4672,585705.8
4673,7721086.0
4674,2774998.2
4675,11451766.0
4676,1028079.0
4677,142924.72
4678,6737849.5
4679,209397.84
4680,1154787.5
4681,12370296.0
4682,631888.5
4683,461502.2
4684,1811989.5
4685,23755576.0
4686,4751931.0
4687,8084124.0
4688,57607620.0
4689,1509173.5
4690,1768470.9
4691,16661490.0
4692,1935971.9
4693,2182344.0
4694,2708002.5
4695,14787074.0
4696,2975699.2
4697,37397440.0
4698,796826.5
4699,4666468.5
4700,50947170.0
4701,77690490.0
4702,9917144.0
4703,3693121.5
4704,23833138.0
4705,40544780.0
4706,28008640.0
4707,3207871.5
4708,7841748.0
4709,18820.857
4710,89395460.0
4711,14186780.0
4712,1517606.6
4713,93377010.0
4714,3109063.0
4715,187302.64
4716,1215727.0
4717,11684048.0
4718,11059154.0
4719,45964028.0
4720,1992270.6
4721,2313890.5
4722,32543682.0
4723,1649857.2
4724,69814060.0
4725,8290439.5
4726,734843.56
4727,5090115.0
4728,24297736.0
4729,49494256.0
4730,161753.03
4731,21373384.0
4732,211063440.0
4733,224839.48
4734,167938420.0
4735,20161826.0
4736,2720639.8
4737,17930146.0
4738,360095.53
4739,43243580.0
4740,138868340.0
4741,402695.22
4742,40907930.0
4743,343196.84
4744,274899.38
4745,107041336.0
4746,28766188.0
4747,5079301.5
4748,30466888.0
4749,5234332.5
4750,2861797.5
4751,37531210.0
4752,2416968.8
4753,7366163.0
4754,195018300.0
4755,3791482.8
4756,16532302.0
4757,55261612.0
4758,56764172.0
4759,179621250.0
4760,251717.28
4761,10289172.0
4762,821630.6
4763,245195.23
4764,142802320.0
4765,8147870.5
4766,79074550.0
4767,35902260.0
4768,24258792.0
4769,22444402.0
4770,35348950.0
4771,47206044.0
4772,10366054.0
4773,7030088.5
4774,2275292.2
4775,264683.72
4776,1518998.1
4777,114313670.0
4778,48003880.0
4779,2711571.2
4780,98949670.0
4781,251717.28
4782,18329528.0
4783,6930265.0
4784,8343900.0
4785,18346210.0
4786,49894430.0
4787,48837640.0
4788,41620508.0
4789,6518687.5
4790,46385004.0
4791,6341381.5
4792,1732348.1
4793,11655357.0
4794,1423939.2
4795,4134561.8
4796,3535324.8
4797,309859070.0
4798,42972330.0
4799,8236088.0
4800,15786129.0
4801,1891126.9
4802,16099478.0
4803,1733384.2
4804,2010421.5
4805,602924.6
4806,3400702.5
4807,350952.4
4808,1951628.5
4809,53330090.0
4810,192686.98
4811,1224744.5
4812,38617840.0
4813,35139148.0
4814,388666.78
4815,15255972.0
4816,18980136.0
4817,7154648.0
4818,15937792.0
4819,2908239.8
4820,31358498.0
4821,1114510.0
4822,366781.28
4823,3252207.0
4824,28984782.0
4825,38204200.0
4826,3103772.0
4827,33480356.0
4828,18509792.0
4829,25148816.0
4830,25333204.0
4831,18453988.0
4832,4822318.0
4833,4459150.0
4834,3747786.0
4835,8687834.0
4836,1856170.0
4837,69209224.0
4838,29193732.0
4839,37103.88
4840,95298104.0
4841,251717.28
4842,44250920.0
4843,71213020.0
4844,1718335.9
4845,10681347.0
4846,824765.4
4847,181086670.0
4848,27206568.0
4849,87288310.0
4850,3671048.2
4851,264683.72
4852,6451916.5
4853,75970150.0
4854,5186347.5
4855,30663412.0
4856,1814927.8
4857,16710852.0
4858,23467264.0
4859,6092564.0
4860,134215110.0
4861,78406080.0
4862,48757876.0
4863,110027730.0
4864,28326368.0
4865,15308526.0
4866,1608295.8
4867,72362200.0
4868,3685518.2
4869,1177398.5
4870,5726087.5
4871,12526502.0
4872,441113.28
4873,6625656.5
4874,42426910.0
4875,2318398.8
4876,19711840.0
4877,21147838.0
4878,3302993.5
4879,18984988.0
4880,9120049.0
4881,854218.06
4882,10760278.0
4883,41901844.0
4884,37401436.0
4885,4636676.0
4886,16299758.0
4887,696145.4
4888,3349963.0
4889,692938.9
4890,49030564.0
4891,1112098.8
4892,3062011.8
4893,44404292.0
4894,5592429.5
4895,2512602.8
4896,10955901.0
4897,2078903.0
4898,44761096.0
4899,438834720.0
4900,53787640.0
4901,31632488.0
4902,1840299.5
4903,360612.72
4904,87797416.0
4905,16168471.0
4906,221009.22
4907,318068060.0
4908,15481565.0
4909,32440558.0
4910,11841025.0
4911,8079291.5
4912,33073640.0
4913,8365556.0
4914,23516822.0
4915,28525674.0
4916,4133765.2
4917,8391189.0
4918,46841544.0
4919,21272926.0
4920,20903572.0
4921,39070820.0
4922,2692479.5
4923,1539020.0
4924,34565744.0
4925,64560436.0
4926,305258.4
4927,11609762.0
4928,9698136.0
4929,3539845.5
4930,2445809.0
4931,15520118.0
4932,895775.7
4933,43192884.0
4934,233002.33
4935,272800030.0
4936,2113258.5
4937,543393.6
4938,4222728.0
4939,1031693.44
4940,2464394.8
4941,6780321.5
4942,873226.9
4943,30515100.0
4944,42339284.0
4945,1318328.4
4946,5492254.5
4947,499436.06
4948,1296019.4
4949,18693754.0
4950,26559352.0
4951,24251574.0
4952,19228130.0
4953,41030612.0
4954,29899668.0
4955,1075441.4
4956,2186462.5
4957,18116154.0
4958,6214323.0
4959,14982997.0
4960,5906450.5
4961,40042240.0
4962,1066952.2
4963,6139763.0
4964,4802501.0
4965,443322.28
4966,2533070.2
4967,29150832.0
4968,15032031.0
4969,226957.62
4970,422750.47
4971,31548736.0
4972,14847045.0
4973,2251685.5
4974,48083052.0
4975,2498142.8
4976,1512525.0
4977,30601946.0
4978,374023.25
4979,8187986.5
4980,32489352.0
4981,4294707.0
4982,61102444.0
4983,242838.11
4984,30838078.0
4985,193336860.0
4986,757632.94
4987,2872921.8
4988,1385628.6
4989,13980161.0
4990,858503.25
4991,10144889.0
4992,99000456.0
4993,4491167.0
4994,41321200.0
4995,327668.78
4996,18054168.0
4997,26151080.0
4998,12274334.0
4999,31821718.0
5000,85257656.0
5001,110335816.0
5002,113678560.0
5003,17379288.0
5004,13685437.0
5005,20198084.0
5006,138696020.0
5007,13347267.0
5008,112272540.0
5009,13038177.0
5010,4894140.5
5011,7285477.5
5012,31500632.0
5013,2969799.8
5014,20872178.0
5015,7984167.0
5016,51237964.0
5017,10351769.0
5018,9554758.0
5019,24592122.0
5020,5008515.0
5021,166682.11
5022,17644490.0
5023,1040544.94
5024,50475930.0
5025,696711.94
5026,40630788.0
5027,22715294.0
5028,38932604.0
5029,35609010.0
5030,18524660.0
5031,1935643.2
5032,47572020.0
5033,2754624.2
5034,3485567.0
5035,271315.03
5036,10814885.0
5037,26321170.0
5038,95395030.0
5039,947709.8
5040,41483164.0
5041,18024302.0
5042,2031708.0
5043,20095178.0
5044,68680590.0
5045,4186044.2
5046,3841355.8
5047,400777.7
5048,215156.19
5049,47561770.0
5050,530522.06
5051,75224840.0
5052,67184370.0
5053,16339601.0
5054,26888166.0
5055,7236900.0
5056,1882288.8
5057,2230377.8
5058,6519054.5
5059,13844300.0
5060,64815590.0
5061,36252444.0
5062,303471.8
5063,221009.22
5064,27722804.0
5065,7847845.5
5066,17638432.0
5067,24629534.0
5068,11658781.0
5069,41347296.0
5070,5516606.5
5071,62665730.0
5072,52626704.0
5073,1747874.2
5074,3173215.0
5075,7485446.0
5076,19071184.0
5077,43222880.0
5078,908871.75
5079,4791690.5
5080,34431772.0
5081,33776816.0
5082,11100342.0
5083,2729993.8
5084,9800765.0
5085,790515.5
5086,1576668.1
5087,2203871.8
5088,1785144.6
5089,2232405.8
5090,10877672.0
5091,13584531.0
5092,18273012.0
5093,22207640.0
5094,51691760.0
5095,45042176.0
5096,12342980.0
5097,233002.33
5098,2506557.2
5099,4823477.5
5100,1983614.1
5101,245381.67
5102,171829.89
5103,2577732.5
5104,22244056.0
5105,2276963.5
5106,2461362.5
5107,3426175.2
5108,13010702.0
5109,198163.72
5110,4652050.0
5111,36129776.0
5112,13137705.0
5113,226957.62
5114,7010291.5
5115,4713692.0
5116,600648.5
5117,180658880.0
5118,25927978.0
5119,686696.5
5120,152162.3
5121,27211550.0
5122,19978464.0
5123,2364479.0
5124,6362541.0
5125,13721454.0
5126,19277190.0
5127,19279360.0
5128,269598.03
5129,1529175.4
5130,19121520.0
5131,13595314.0
5132,23830502.0
5133,75623760.0
5134,40899972.0
5135,75628520.0
5136,1886621.6
5137,30131644.0
5138,11013896.0
5139,86836460.0
5140,93080220.0
5141,25376874.0
5142,81153970.0
5143,41270868.0
5144,37131190.0
5145,4515212.5
5146,678294.4
5147,6694947.0
5148,11689286.0
5149,2139131.8
5150,152538260.0
5151,105982700.0
5152,33938456.0
5153,2029982.2
5154,24783298.0
5155,852976.7
5156,258086380.0
5157,10550082.0
5158,1884787.4
5159,29197016.0
5160,10751579.0
5161,10951262.0
5162,42219932.0
5163,8032465.5
5164,547607.5
5165,36095612.0
5166,57981756.0
5167,2678840.8
5168,2970850.5
5169,1400100.8
5170,2352369.5
5171,32835604.0
5172,1326398.1
5173,41634404.0
5174,48928360.0
5175,2035084.1
5176,6300721.0
5177,308332700.0
5178,261727980.0
5179,497293.53
5180,7985553.0
5181,278046.44
5182,18048348.0
5183,2423311.2
5184,4359045.0
5185,774595.9
5186,2552484.5
5187,1910824.0
5188,2106510.0
5189,15568089.0
5190,88872000.0
5191,4134924.5
5192,42045548.0
5193,49171890.0
5194,24162510.0
5195,140022640.0
5196,25284400.0
5197,16991858.0
5198,28556376.0
5199,7515144.5
5200,3603595.5
5201,9758404.0
5202,1182761.1
5203,525970.94
5204,311147.88
5205,4216374.0
5206,13714049.0
5207,1310726.4
5208,2714678.8
5209,45166916.0
5210,15776527.0
5211,5308396.5
5212,4423794.5
5213,27506120.0
5214,176810.23
5215,1704805.9
5216,28558774.0
5217,176275.17
5218,13438513.0
5219,8235381.0
5220,37923456.0
5221,234578.88
5222,1283253.2
5223,60687336.0
5224,111782.2
5225,264184.9
5226,23227288.0
5227,575916.3
5228,17288170.0
5229,35491772.0
5230,1199264.6
5231,385285.6
5232,391320.84
5233,633093.6
5234,26279182.0
5235,17881956.0
5236,54833864.0
5237,70675820.0
5238,5817686.0
5239,16995034.0
5240,22182706.0
5241,20591388.0
5242,29965438.0
5243,929566.5
5244,32706468.0
5245,2402976.5
5246,4428467.0
5247,34890176.0
5248,1158162.4
5249,21322648.0
5250,54862736.0
5251,1699606.4
5252,142924.72
5253,2161832.5
5254,512600.5
5255,40148310.0
5256,29239372.0
5257,1809330.2
5258,1311182.6
5259,53338736.0
5260,1225922.5
5261,29791282.0
5262,6636748.5
5263,17853838.0
5264,3080335.0
5265,6012620.0
5266,15613080.0
5267,2403710.0
5268,5854710.0
5269,64826470.0
5270,28131192.0
5271,6235962.5
5272,50428390.0
5273,227356.44
5274,29800204.0
5275,2485604.8
5276,2664041.5
5277,2265715.0
5278,9265913.0
5279,12897589.0
5280,9148.643
5281,4061047.0
5282,4775609.5
5283,766832.75
5284,1379408.1
5285,28590984.0
5286,1953062.2
5287,1451351.0
5288,1380163.4
5289,137798690.0
5290,49418604.0
5291,216608380.0
5292,221349580.0
5293,65631420.0
5294,366053.75
5295,164637740.0
5296,1520550.4
5297,44235140.0
5298,58687384.0
5299,3996637.8
5300,1030508.5
5301,6831780.0
5302,34755940.0
5303,962906.75
5304,12567209.0
5305,1366023.8
5306,35860240.0
5307,87008720.0
5308,302021.56
5309,282723.9
5310,59071236.0
5311,2982862.2
5312,65434430.0
5313,179469200.0
5314,43097424.0
5315,1054722.0
5316,15765397.0
5317,3215774.2
5318,1019614.5
5319,9150052.0
5320,12896802.0
5321,17523548.0
5322,245381.67
5323,66804344.0
5324,12188667.0
5325,3631107.2
5326,12039865.0
5327,56709736.0
5328,12924037.0
5329,2047801.0
5330,71123160.0
5331,457754.88
5332,322073.84
5333,22360056.0
5334,18061744.0
5335,3432723.0
5336,11328953.0
5337,891428.56
5338,17573018.0
5339,19085266.0
5340,2473573.0
5341,57631468.0
5342,53009320.0
5343,16070179.0
5344,77052530.0
5345,335545.44
5346,86293256.0
5347,706725.8
5348,13097074.0
5349,1214900.6
5350,226957.62
5351,40190376.0
5352,3207782.8
5353,16427192.0
5354,23917932.0
5355,29435274.0
5356,3152754.5
5357,388926.34
5358,32189700.0
5359,26973896.0
5360,38416030.0
5361,1484725.0
5362,290664.12
5363,19633718.0
5364,87619.95
5365,36324080.0
5366,27517558.0
5367,31895000.0
5368,10290389.0
5369,261318460.0
5370,22616898.0
5371,29198242.0
5372,196911460.0
5373,22461832.0
5374,59426760.0
5375,29573824.0
5376,48079476.0
5377,8880883.0
5378,391320.84
5379,5176928.5
5380,37900892.0
5381,30864794.0
5382,38548076.0
5383,215230.89
5384,87634620.0
5385,63802444.0
5386,3149328.8
5387,6009547.5
5388,79705384.0
5389,3295945.0
5390,3333706.0
5391,18425148.0
5392,233002.33
5393,1240789.8
5394,28390680.0
5395,5664565.5
5396,103562770.0
5397,1839120.5
5398,8978895.0
5399,291809.8
5400,1380370.1
5401,65976324.0
5402,26955484.0
5403,19746874.0
5404,192686.98
5405,55993490.0
5406,599380.44
5407,78769870.0
5408,180811600.0
5409,55867390.0
5410,3384935.2
5411,16387604.0
5412,221009.22
5413,1155069.5
5414,40361144.0
5415,33893624.0
5416,11134312.0
5417,25365938.0
5418,596642.4
5419,216934.48
5420,28976436.0
5421,13327755.0
5422,52619476.0
5423,57585428.0
5424,77363840.0
5425,13046237.0
5426,14815870.0
5427,939343.4
5428,2151025.5
5429,39650764.0
5430,59868410.0
5431,27728516.0
5432,42164324.0
5433,4701718.5
5434,26920186.0
5435,2048400.6
5436,18118158.0
5437,29025056.0
5438,4687561.5
5439,2187129.8
5440,29155058.0
5441,2136972.5
5442,59010316.0
5443,41177220.0
5444,24493676.0
5445,27192872.0
5446,34602420.0
5447,10089642.0
5448,5887358.0
5449,32291102.0
5450,2519095.2
5451,17417018.0
5452,201622.1
5453,56096536.0
5454,57300892.0
5455,10275424.0
5456,5569437.0
5457,20714688.0
5458,1861472.1
5459,2279053.5
5460,450766.78
5461,258150.98
5462,123904.73
5463,401843400.0
5464,426349.88
5465,12579607.0
5466,36130670.0
5467,32867562.0
5468,36447470.0
5469,53609.855
5470,73362380.0
5471,74216680.0
5472,38173972.0
5473,12866606.0
5474,19397134.0
5475,17160210.0
5476,7571754.0
5477,5964794.0
5478,25199904.0
5479,33741788.0
5480,8482316.0
5481,2149009.8
5482,20416966.0
5483,11031682.0
5484,38621970.0
5485,2578907.8
5486,3193415.5
5487,134915540.0
5488,30472060.0
5489,14145656.0
5490,1236533.5
5491,41877156.0
5492,24158592.0
5493,12377565.0
5494,138436.53
5495,15848518.0
5496,12648151.0
5497,10912293.0
5498,741399.9
5499,40649004.0
5500,9231391.0
5501,1884032.6
5502,2310580.8
5503,5958557.0
5504,19051152.0
5505,1116242.8
5506,96874184.0
5507,23387548.0
5508,50336044.0
5509,59893880.0
5510,7173922.0
5511,9032281.0
5512,67028212.0
5513,132503.08
5514,15727914.0
5515,3093969.2
5516,408219.16
5517,60566724.0
5518,16741032.0
5519,80227470.0
5520,20239.453
5521,13780703.0
5522,176810.23
5523,187187740.0
5524,175841250.0
5525,16357594.0
5526,8684545.0
5527,942142.5
5528,38763070.0
5529,282223.38
5530,99384330.0
5531,443625.97
5532,3082162.8
5533,44950344.0
5534,88094320.0
5535,2219554.0
5536,395784.5
5537,5039471.5
5538,6981962.5
5539,91201930.0
5540,21233768.0
5541,96390920.0
5542,513669.78
5543,8207476.5
5544,19762096.0
5545,142924.72
5546,2214135.5
5547,8087146.5
5548,9658411.0
5549,22229550.0
5550,18267612.0
5551,4149176.8
5552,40354450.0
5553,31544404.0
5554,3422227.2
5555,19613170.0
5556,9378749.0
5557,3457667.0
5558,241303300.0
5559,874115.06
5560,1418239.0
5561,9707242.0
5562,22956988.0
5563,215156.19
5564,1044716.2
5565,9880026.0
5566,8038818.5
5567,2022467.4
5568,25429348.0
5569,47097852.0
5570,28185382.0
5571,64651990.0
5572,370863.5
5573,47788010.0
5574,2492728.8
5575,15880836.0
5576,19583900.0
5577,25058558.0
5578,1981464.4
5579,8006172.5
5580,906079.8
5581,17712332.0
5582,11032882.0
5583,34791756.0
5584,17874522.0
5585,10975101.0
5586,1224132.6
5587,13845172.0
5588,73960620.0
5589,39484130.0
5590,257240.45
5591,6120167.5
5592,1998386.5
5593,12928056.0
5594,6387011.0
5595,11662874.0
5596,60715816.0
5597,1197769.5
5598,6573186.0
5599,6537040.5
5600,1361715.9
5601,18351146.0
5602,24332472.0
5603,71065.695
5604,8412246.0
5605,71361500.0
5606,46189804.0
5607,29570384.0
5608,31560712.0
5609,3700567.5
5610,19411716.0
5611,32245434.0
5612,137916220.0
5613,6799651.0
5614,8811604.0
5615,33172322.0
5616,3047553.2
5617,72391060.0
5618,17341574.0
5619,27580034.0
5620,3186278.8
5621,35992284.0
5622,6756606.5
5623,13143746.0
5624,157025330.0
5625,275685.94
5626,2055625.8
5627,55672412.0
5628,24865686.0
5629,117196536.0
5630,3790163.2
5631,34490336.0
5632,46986230.0
5633,18413872.0
5634,3045717.0
5635,44428604.0
5636,471979.38
5637,1767744.1
5638,40075784.0
5639,2900655.8
5640,707399.5
5641,37346616.0
5642,11892109.0
5643,2357344.0
5644,209163460.0
5645,71185730.0
5646,3027923.2
5647,4185094.2
5648,31854814.0
5649,2230792.5
5650,73026350.0
5651,20823070.0
5652,4052724.8
5653,44134516.0
5654,32419774.0
5655,45422550.0
5656,279447800.0
5657,1145562.6
5658,2503411.0
5659,13917001.0
5660,50349010.0
5661,3026110.2
5662,140491870.0
5663,7155180.0
5664,2705963.0
5665,36107940.0
5666,11437031.0
5667,10612485.0
5668,1082806.9
5669,5808876.5
5670,202110050.0
5671,17461724.0
5672,1666357.9
5673,69233650.0
5674,9837716.0
5675,1220465.5
5676,914218.0
5677,47571204.0
5678,42178400.0
5679,351160.3
5680,8990137.0
5681,1433454500.0
5682,684976.3
5683,259423870.0
5684,26042568.0
5685,4282935.5
5686,1084644.5
5687,24285596.0
5688,7862648.5
5689,11084961.0
5690,6228070.0
5691,49413228.0
5692,136181340.0
5693,16202893.0
5694,19297534.0
5695,1924331.0
5696,21141064.0
5697,226957.62
5698,3841817.5
5699,389865.88
5700,30006388.0
5701,3880951.0
5702,22223488.0
5703,27102722.0
5704,9792954.0
5705,11754661.0
5706,335545.44
5707,19123928.0
5708,697622.8
5709,9798709.0
5710,4726345.5
5711,26877450.0
5712,68583460.0
5713,4919057.5
5714,2504003.2
5715,2577442.2
5716,458699.22
5717,11489922.0
5718,9978963.0
5719,20104380.0
5720,11496104.0
5721,47364144.0
5722,654565.2
5723,12612498.0
5724,1099039.8
5725,327998.62
5726,34163624.0
5727,68089210.0
5728,3032324.2
5729,117137090.0
5730,6506930.0
5731,187302.64
5732,1182288.6
5733,2424703.0
5734,13892416.0
5735,1403418.8
5736,35440428.0
5737,25999340.0
5738,54948190.0
5739,2687505.2
5740,21000120.0
5741,28132640.0
5742,19616350.0
5743,15100856.0
5744,215156.19
5745,5508894.0
5746,24040598.0
5747,678513.75
5748,40133460.0
5749,26545274.0
5750,18635122.0
5751,27858022.0
5752,2777232.8
5753,128597910.0
5754,18075254.0
5755,40180028.0
5756,15910214.0
5757,11658292.0
5758,724399.44
5759,2917273.2
5760,1267336.8
5761,692670.0
5762,40781570.0
5763,52619076.0
5764,1515827.5
5765,17931958.0
5766,22336612.0
5767,19227398.0
5768,12855616.0
5769,135462960.0
5770,8989331.0
5771,16849308.0
5772,13865282.0
5773,149808620.0
5774,35914040.0
5775,18610754.0
5776,3464916.0
5777,82403816.0
5778,84441680.0
5779,110689096.0
5780,361133.78
5781,41076736.0
5782,16140032.0
5783,37484636.0
5784,652415.75
5785,30878336.0
5786,8418377.0
5787,97723590.0
5788,943637.9
5789,21500912.0
5790,37006260.0
5791,34383140.0
5792,7095755.0
5793,1762503.9
5794,38116276.0
5795,38721692.0
5796,2550876.0
5797,30203916.0
5798,507022.94
5799,155151840.0
5800,759858.75
5801,11777349.0
5802,558547.6
5803,320555.78
5804,141455820.0
5805,6236521.5
5806,4074384.0
5807,27397054.0
5808,37759468.0
5809,8757535.0
5810,203733.95
5811,1160303.8
5812,39528056.0
5813,45028260.0
5814,897295.0
5815,1036474.44
5816,1497779.0
5817,2120477.8
5818,2470908.8
5819,25248304.0
5820,2815262.0
5821,161753.03
5822,264683.72
5823,24148596.0
5824,33273774.0
5825,2875745.0
5826,8529559.0
5827,1745384.0
5828,159771250.0
5829,29566774.0
5830,15142129.0
5831,37282776.0
5832,17460824.0
5833,22731504.0
5834,5231582.5
5835,264683.72
5836,32654670.0
5837,28955110.0
5838,209397.84
5839,58172064.0
5840,769816.44
5841,22295792.0
5842,22242528.0
5843,1083212.8
5844,1762204.8
5845,7.2614937
5846,983286.2
5847,47709596.0
5848,25785894.0
5849,20239.453
5850,20827638.0
5851,3477057.8
5852,1567325.4
5853,28633824.0
5854,11435417.0
5855,75315290.0
5856,11975349.0
5857,223994240.0
5858,469132.03
5859,39274120.0
5860,35579068.0
5861,718938.3
5862,1844505.9
5863,42091770.0
5864,182849810.0
5865,16785794.0
5866,12260833.0
5867,2548225.8
5868,24398744.0
5869,3908876.5
5870,270073.84
5871,51023800.0
5872,103065990.0
5873,4835964.0
5874,678346.8
5875,24432926.0
5876,25683502.0
5877,1277084.2
5878,51981944.0
5879,6307533.0
5880,45472656.0
5881,43119950.0
5882,65316720.0
5883,1549875.2
5884,27935548.0
5885,1289400.4
5886,11988124.0
5887,1132699.2
5888,7154177.0
5889,337019.38
5890,16861170.0
5891,25063004.0
5892,11843939.0
5893,2242577.8
5894,32040666.0
5895,10578393.0
5896,52436630.0
5897,399799.66
5898,23330920.0
5899,1056724.5
5900,3575961.2
5901,182010.61
5902,1115945.8
5903,41965908.0
5904,25096202.0
5905,28430890.0
5906,33023148.0
5907,998405.94
5908,31905040.0
5909,24615164.0
5910,26358950.0
5911,3878324.2
5912,72906800.0
5913,23017888.0
5914,2957979.0
5915,4319146.0
5916,27266362.0
5917,146690700.0
5918,55638760.0
5919,31524374.0
5920,448586.53
5921,21932510.0
5922,5908726.5
5923,7913033.5
5924,6133717.5
5925,149928960.0
5926,479135.44
5927,1447810.6
5928,25019970.0
5929,266477.7
5930,38276628.0
5931,24770870.0
5932,288854.66
5933,10166662.0
5934,75931480.0
5935,55258240.0
5936,41384536.0
5937,1052132.0
5938,1479008.5
5939,8323665.0
5940,41260320.0
5941,3625940.8
5942,32973866.0
5943,1941937.1
5944,13740887.0
5945,3716050.2
5946,954732.06
5947,152162.3
5948,101880590.0
5949,2326523.0
5950,96608480.0
5951,27837732.0
5952,2328578.5
5953,73916200.0
5954,17444082.0
5955,22914160.0
5956,29323816.0
5957,14376367.0
5958,50293720.0
5959,7960734.5
5960,95893.734
5961,1677820.0
5962,2065204.9
5963,21063744.0
5964,37756300.0
5965,25855286.0
5966,15333278.0
5967,175164400.0
5968,33273330.0
5969,25797750.0
5970,8971962.0
5971,1518646.1
5972,17232796.0
5973,50182376.0
5974,525483.1
5975,12081756.0
5976,780741.1
5977,642831.06
5978,1530436700.0
5979,5134090.0
5980,70946900.0
5981,4971539.0
5982,75989290.0
5983,692867.5
5984,17773756.0
5985,42887580.0
5986,209397.84
5987,4136234.0
5988,25615548.0
5989,155178.67
5990,57119210.0
5991,1372865.9
5992,19136152.0
5993,38223516.0
5994,852878.25
5995,17503172.0
5996,13499656.0
5997,12436513.0
5998,145517780.0
5999,48543.773
6000,4621582.0
6001,6194353.5
6002,405517.0
6003,211860420.0
6004,10796913.0
6005,502991.38
6006,10439030.0
6007,1380862.5
6008,2986001.5
6009,34590276.0
6010,30797402.0
6011,18918296.0
6012,10990393.0
6013,79854504.0
6014,1497700.4
6015,3393151.2
6016,18313172.0
6017,448583.12
6018,20728916.0
6019,1698922.5
6020,1322048.8
6021,6337409.5
6022,2324961.5
6023,8561041.0
6024,2365837.0
6025,5011248.0
6026,63942176.0
6027,7237279.5
6028,44879668.0
6029,1197621.1
6030,116903400.0
6031,28161952.0
6032,162451.62
6033,13700088.0
6034,572564.8
6035,127782500.0
6036,1211315.4
6037,1595285.4
6038,203733.95
6039,1305418.4
6040,29747788.0
6041,105627120.0
6042,142924.72
6043,46949684.0
6044,583717.9
6045,25958658.0
6046,166620.3
6047,5946154.0
6048,5923345.0
6049,4175864.8
6050,278046.44
6051,434674.28
6052,22216708.0
6053,156913.42
6054,1474933.5
6055,1392351.2
6056,20489214.0
6057,380299.66
6058,16528991.0
6059,52648490.0
6060,30303686.0
6061,49987308.0
6062,3885191.2
6063,36640336.0
6064,1131296.9
6065,42968890.0
6066,21891760.0
6067,12035365.0
6068,431673.9
6069,81822140.0
6070,59718210.0
6071,1520048.8
6072,8376189.5
6073,14241246.0
6074,1918072.2
6075,1573020.1
6076,45143924.0
6077,4619982.5
6078,29457964.0
6079,192864320.0
6080,212931.62
6081,839997.56
6082,5965858.0
6083,70864130.0
6084,13161306.0
6085,14980711.0
6086,7755971.5
6087,25036058.0
6088,3180974.8
6089,3191534.0
6090,148905840.0
6091,548895.8
6092,2311801.8
6093,7973803.5
6094,48908770.0
6095,52950610.0
6096,6431018.0
6097,15479292.0
6098,15168665.0
6099,16657232.0
6100,18756076.0
6101,85474050.0
6102,32542192.0
6103,62377740.0
6104,374854.56
6105,838161.9
6106,470162.2
6107,182010.61
6108,17053418.0
6109,5169075.0
6110,25877684.0
6111,150672.8
6112,173711.02
6113,9562689.0
6114,33082536.0
6115,56732456.0
6116,278046.44
6117,6329527.0
6118,17093832.0
6119,27911686.0
6120,22426472.0
6121,1683357.5
6122,52327428.0
6123,839997.56
6124,5486951.0
6125,6129980.5
6126,7985690.0
6127,2834078.2
6128,52371660.0
6129,2330204.5
6130,367555.84
6131,5236884.0
6132,226957.62
6133,13671400.0
6134,32285744.0
6135,18022480.0
6136,203722030.0
6137,49995604.0
6138,1630223.8
6139,434234530.0
6140,3864652.2
6141,15299711.0
6142,1173378.9
6143,1466309.6
6144,5109253.0
6145,4682312.0
6146,14368198.0
6147,31396802.0
6148,7431863.0
6149,37111576.0
6150,186455140.0
6151,12271735.0
6152,2653208800.0
6153,2631671.2
6154,264683.72
6155,48766710.0
6156,2036336.4
6157,12095014.0
6158,38843892.0
6159,7075442.0
6160,16484662.0
6161,17469952.0
6162,4007014.5
6163,1236500.5
6164,3857078.2
6165,26740360.0
6166,19254592.0
6167,10096726.0
6168,13036586.0
6169,31697234.0
6170,654263.75
6171,14703012.0
6172,1542617.2
6173,7044242.5
6174,28777054.0
6175,9551752.0
6176,3385516.5
6177,53613620.0
6178,498785.4
6179,109053900.0
6180,30800340.0
6181,1395580.2
6182,146317650.0
6183,8666186.0
6184,407110980.0
6185,7336185.5
6186,5569633.5
6187,5362172.5
6188,19564858.0
6189,2854068.0
6190,78911530.0
6191,1381940.1
6192,53559856.0
6193,13180172.0
6194,867893.5
6195,242622.38
6196,39818252.0
6197,954519.94
6198,35312360.0
6199,363368480.0
6200,233002.33
6201,1626426.9
6202,42215344.0
6203,230227740.0
6204,1408500.5
6205,337021.62
6206,23853148.0
6207,29934990.0
6208,33815492.0
6209,239392.44
6210,26516.844
6211,54022470.0
6212,2485187.5
6213,5469329.5
6214,4931039.5
6215,12343451.0
6216,15502338.0
6217,649364.8
6218,1791634.2
6219,16232836.0
6220,622281.8
6221,3770256.0
6222,1557259.5
6223,22881754.0
6224,18578338.0
6225,44340560.0
6226,2589445.8
6227,1739639.2
6228,1021579.6
6229,277299.16
6230,533188.5
6231,34001756.0
6232,6497560.5
6233,71974720.0
6234,16742597.0
6235,19005784.0
6236,17499634.0
6237,3632534.2
6238,1514353.6
6239,81203980.0
6240,83642440.0
6241,268186.84
6242,65228.477
6243,9097394.0
6244,27544234.0
6245,5068337.0
6246,455746.78
6247,229657150.0
6248,1761487.2
6249,2797541.8
6250,21665166.0
6251,34437420.0
6252,9413194.0
6253,7697309.5
6254,78113660.0
6255,4430330.0
6256,11062762.0
6257,34353840.0
6258,510999.56
6259,366781.28
6260,1408968.0
6261,27249256.0
6262,9596583.0
6263,10518236.0
6264,2940843.5
6265,4880446.5
6266,1532496.6
6267,48446400.0
6268,125488.6
6269,60788240.0
6270,48691616.0
6271,64486840.0
6272,1840064.4
6273,13803958.0
6274,59619308.0
6275,15535727.0
6276,12054824.0
6277,9015534.0
6278,1850552.9
6279,12869600.0
6280,1279411.4
6281,4067364.8
6282,74091930.0
6283,20866008.0
6284,48670816.0
6285,25279288.0
6286,764898.7
6287,10275110.0
6288,75941760.0
6289,73240744.0
6290,192686.98
6291,33934310.0
6292,96145610.0
6293,196219730.0
6294,3229773.8
6295,94079400.0
6296,2777150.5
6297,16852810.0
6298,731152.6
6299,209397.84
6300,38191380.0
6301,15890380.0
6302,835619.9
6303,3987044.2
6304,7629408.0
6305,55203984.0
6306,23088638.0
6307,1930352.5
6308,665438.3
6309,1063683.9
6310,20021530.0
6311,221009.22
6312,421154.94
6313,15962678.0
6314,24025974.0
6315,2303948.8
6316,21846336.0
6317,93888310.0
6318,24532062.0
6319,20213192.0
6320,1020674.94
6321,14437481.0
6322,14611427.0
6323,21611802.0
6324,497572.47
6325,10349262.0
6326,3655362.2
6327,11175609.0
6328,30729982.0
6329,4900375.5
6330,2180141.0
6331,36329760.0
6332,544430.06
6333,11823174.0
6334,489692.97
6335,26535200.0
6336,43745976.0
6337,28912726.0
6338,551949.8
6339,6718516.5
6340,1194910.4
6341,412916.5
6342,2459293.0
6343,23832366.0
6344,30565196.0
6345,590497.2
6346,56740140.0
6347,44693360.0
6348,3260952.8
6349,14632288.0
6350,803616.25
6351,78271600.0
6352,52748500.0
6353,358597.6
6354,226957.62
6355,121342.945
6356,1417299.2
6357,2518067.2
6358,1235931.1
6359,1161542.6
6360,1859609.1
6361,70042540.0
6362,3138570.8
6363,3542608.0
6364,2806488.2
6365,52033730.0
6366,3068884.8
6367,3770561.8
6368,15639607.0
6369,3688820.0
6370,33446400.0
6371,2827917.2
6372,24881864.0
6373,5075592.5
6374,7962891.0
6375,24484288.0
6376,8061274.0
6377,5121937.0
6378,1860485.4
6379,69791700.0
6380,7655026.0
6381,2557744600.0
6382,29761748.0
6383,16878900.0
6384,28890290.0
6385,1527341.9
6386,129214550.0
6387,9943035.0
6388,857191.8
6389,448087.56
6390,31033384.0
6391,1072699.4
6392,9585771.0
6393,96934990.0
6394,66148824.0
6395,420017.0
6396,153480.83
6397,1669348.2
6398,4870050.5
6399,997646.44
6400,8683452.0
6401,405378.2
6402,2632647.8
6403,461535.2
6404,16866478.0
6405,1048902.1
6406,4633692.0
6407,12309031.0
6408,14680958.0
6409,36781640.0
6410,9912889.0
6411,1008103.8
6412,1053362.9
6413,14676534.0
6414,136665580.0
6415,331784.9
6416,1476291.5
6417,57086860.0
6418,24386832.0
6419,15990561.0
6420,28418528.0
6421,32722130.0
6422,182010.61
6423,2953192.8
6424,33403366.0
6425,21031426.0
6426,8771385.0
6427,1038750.4
6428,930751.6
6429,12230655.0
6430,38086772.0
6431,58110184.0
6432,81650344.0
6433,17154614.0
6434,11603851.0
6435,32175766.0
6436,24634138.0
6437,3245202.0
6438,17988618.0
6439,10761078.0
6440,37830548.0
6441,5801120.5
6442,3719521.5
6443,3839396.5
6444,284877.47
6445,137428340.0
6446,52494372.0
6447,2516151.8
6448,1084132.6
6449,9697674.0
6450,3404382.2
6451,5401317.0
6452,22444874.0
6453,30444002.0
6454,16791206.0
6455,9486426.0
6456,1702224.4
6457,68473400.0
6458,1334295.9
6459,2097081.1
6460,35915412.0
6461,40893496.0
6462,108894900.0
6463,192686.98
6464,2355892.2
6465,2767482.0
6466,11339114.0
6467,2594641.8
6468,992209.6
6469,6275630.5
6470,411331.8
6471,343092.78
6472,6099627.5
6473,14525509.0
6474,944170.8
6475,1257590.6
6476,106457390.0
6477,33399736.0
6478,7631780.5
6479,146381020.0
6480,29313862.0
6481,44337348.0
6482,2230190.5
6483,639596.75
6484,81643640.0
6485,30024250.0
6486,203733.95
6487,35658216.0
6488,18578834.0
6489,203733.95
6490,1117881.2
6491,10368447.0
6492,8967548.0
6493,13622569.0
6494,55853650.0
6495,7522193.0
6496,17786370.0
6497,83337650.0
6498,18870292.0
6499,7642698.5
6500,434381.72
6501,1025066.56
6502,35473428.0
6503,15464507.0
6504,7927717.5
6505,13904822.0
6506,396068.06
6507,1828646.1
6508,44778940.0
6509,913875.44
6510,2324484.8
6511,4042237.2
6512,1658184.2
6513,9742503.0
6514,1563423.0
6515,187498620.0
6516,16809184.0
6517,1763482.4
6518,2317611.8
6519,23772892.0
6520,581705.6
6521,120214456.0
6522,28159804.0
6523,23091984.0
6524,20000386.0
6525,51713652.0
6526,146906020.0
6527,548357.44
6528,3923958.2
6529,3298879.0
6530,37970212.0
6531,1700679.6
6532,2286935.0
6533,1163478.4
6534,102145210.0
6535,4483036.5
6536,19500258.0
6537,35849504.0
6538,25531212.0
6539,258531280.0
6540,55170932.0
6541,66153240.0
6542,18064604.0
6543,335996.94
6544,19281640.0
6545,9857344.0
6546,156767970.0
6547,469393.38
6548,26258640.0
6549,32068302.0
6550,13481850.0
6551,33934440.0
6552,4612322.5
6553,16822.998
6554,18574442.0
6555,4172119.0
6556,24143070.0
6557,3482938.5
6558,61668540.0
6559,39827824.0
6560,102098850.0
6561,146088.48
6562,41749310.0
6563,9466291.0
6564,9846032.0
6565,11677943.0
6566,15972972.0
6567,1904018.9
6568,14153833.0
6569,678220.7
6570,55400284.0
6571,10931166.0
6572,94641.69
6573,12869084.0
6574,19168956.0
6575,2671406.8
6576,20221020.0
6577,1994177.1
6578,23479084.0
6579,2162746.0
6580,142670.33
6581,27866418.0
6582,25523.676
6583,452373.1
6584,666761.5
6585,23806242.0
6586,19388218.0
6587,5242050.5
6588,1858797.0
6589,28475826.0
6590,58431944.0
6591,13722815.0
6592,80824470.0
6593,44726360.0
6594,46418904.0
6595,313215.53
6596,66116156.0
6597,650584.06
6598,12560643.0
6599,4090159.0
6600,3411021.8
6601,15773879.0
6602,196531360.0
6603,25681200.0
6604,16132061.0
6605,49959760.0
6606,846210.44
6607,25092660.0
6608,192686.98
6609,639535.75
6610,949358.9
6611,3215259.0
6612,346275230.0
6613,38355190.0
6614,58980496.0
6615,454397.1
6616,43336800.0
6617,22731764.0
6618,18618388.0
6619,3982100.5
6620,3440162.2
6621,30326064.0
6622,63130364.0
6623,108553970.0
6624,49681052.0
6625,48534820.0
6626,4786981.5
6627,20214656.0
6628,387439.62
6629,7121108.5
6630,2027712.8
6631,2128050.5
6632,403271.7
6633,4610585.5
6634,9441785.0
6635,1115983.0
6636,62502430.0
6637,22284824.0
6638,197836.48
6639,5293230.5
6640,5332436.5
6641,86309720.0
6642,77075610.0
6643,239143.72
6644,592872.2
6645,33318992.0
6646,17395372.0
6647,1020479.3
6648,32208430.0
6649,879859.2
6650,2884848.2
6651,16851074.0
6652,1101193.6
6653,20725042.0
6654,32352814.0
6655,18675544.0
6656,2636577.5
6657,35582464.0
6658,1041977.9
6659,1862900.0
6660,560795.25
6661,476534.34
6662,14514515.0
6663,126474824.0
6664,1841268.5
6665,152162.3
6666,6078519.5
6667,66263360.0
6668,12665944.0
6669,1898501.4
6670,838853.6
6671,12955010.0
6672,3157590.0
6673,39124510.0
6674,92384056.0
6675,76128696.0
6676,1319004.9
6677,601062.2
6678,4491531.0
6679,113757070.0
6680,17596328.0
6681,686306050.0
6682,11044398.0
6683,5188069.0
6684,603716.3
6685,3782959.0
6686,3499699.8
6687,44654670.0
6688,16148993.0
6689,23498304.0
6690,66401012.0
6691,810272.1
6692,192283600.0
6693,18928834.0
6694,24802262.0
6695,12285084.0
6696,50269360.0
6697,2351434.2
6698,7979082.5
6699,48205184.0
6700,77765064.0
6701,35308184.0
6702,21561694.0
6703,6860390.0
6704,603750.25
6705,22740698.0
6706,17872066.0
6707,16680536.0
6708,2816057.0
6709,317066.94
6710,41847212.0
6711,9322694.0
6712,38737424.0
6713,2350062.2
6714,209397.84
6715,821661.94
6716,21081228.0
6717,77219810.0
6718,4026654.8
6719,8905827.0
6720,275959.25
6721,30609010.0
6722,2599493.8
6723,35133788.0
6724,3033970.2
6725,374963.25
6726,40133076.0
6727,3252281.5
6728,1790899.6
6729,12102144.0
6730,19570046.0
6731,2144673.5
6732,779607.2
6733,13275441.0
6734,5349597.0
6735,66621370.0
6736,893161.1
6737,3338768.0
6738,2671047.5
6739,2236889.5
6740,239143.72
6741,110274.63
6742,22726606.0
6743,26655676.0
6744,2451843.8
6745,2804155.2
6746,33331132.0
6747,11877126.0
6748,748960.56
6749,233763.08
6750,203733.95
6751,3263572.5
6752,71585624.0
6753,7641087.5
6754,26759492.0
6755,2244606.0
6756,68246270.0
6757,25368502.0
6758,7235023.0
6759,35364530.0
6760,18990564.0
6761,13981894.0
6762,264683.72
6763,16861396.0
6764,265178.94
6765,76277384.0
6766,142924.72
6767,11374009.0
6768,78701544.0
6769,7094625.0
6770,7711284.5
6771,2446513.8
6772,3813916.5
6773,2576312.0
6774,177249810.0
6775,155516260.0
6776,1133384.2
6777,16960708.0
6778,25718846.0
6779,4203446.0
6780,32333998.0
6781,1494592.8
6782,48926120.0
6783,22483822.0
6784,703975.94
6785,26933438.0
6786,1950489.8
6787,3109273.5
6788,264683.72
6789,748529.25
6790,7037400.5
6791,19663662.0
6792,83566056.0
6793,33119658.0
6794,5391528.5
6795,557551.9
6796,141554060.0
6797,1787720.6
6798,13897160.0
6799,1301317.8
6800,39913680.0
6801,241086140.0
6802,4049993.2
6803,50861436.0
6804,2.210945
6805,22651478.0
6806,6630074.5
6807,28837988.0
6808,474298.2
6809,22127096.0
6810,2782142.2
6811,32355034.0
6812,6590133.5
6813,60012804.0
6814,1081591.1
6815,4325799.5
6816,983032.1
6817,192686.98
6818,2.210945
6819,29233850.0
6820,31824814.0
6821,8296418.5
6822,15617250.0
6823,6704141.0
6824,43002910.0
6825,40505130.0
6826,8994528.0
6827,1186268.6
6828,215156.19
6829,121342.945
6830,2961244.5
6831,18495676.0
6832,15846705.0
6833,11018371.0
6834,1923483.4
6835,66481228.0
6836,1653746.6
6837,38892304.0
6838,1375570.9
6839,5883434.5
6840,14321494.0
6841,6804113.5
6842,7177829.5
6843,1450727.0
6844,22214038.0
6845,11687726.0
6846,25213126.0
6847,1320912.0
6848,11914745.0
6849,7236403.0
6850,49421900.0
6851,75561624.0
6852,2395369.0
6853,2546945.5
6854,16435089.0
6855,25449096.0
6856,90310.914
6857,21026292.0
6858,2755000.0
6859,34410892.0
6860,10583458.0
6861,16435936.0
6862,14766781.0
6863,81247210.0
6864,3554296.8
6865,2661542.5
6866,54231012.0
6867,11235218.0
6868,414028740.0
6869,15073030.0
6870,192686.98
6871,26348746.0
6872,319987.38
6873,15731724.0
6874,17657080.0
6875,1977864.1
6876,17300804.0
6877,9615418.0
6878,278046.44
6879,2858941.5
6880,1628556.4
6881,1557936.9
6882,32139270.0
6883,27808492.0
6884,5090683.0
6885,3263992.5
6886,1418385.1
6887,11749102.0
6888,37104996.0
6889,2784170.0
6890,3827763.0
6891,32253308.0
6892,90855380.0
6893,81909270.0
6894,20917650.0
6895,747726.56
6896,339600.8
6897,221009.22
6898,18721622.0
6899,6526332.5
6900,27544286.0
6901,27220790.0
6902,2371032.0
6903,14719314.0
6904,55507216.0
6905,26286402.0
6906,61635732.0
6907,8907186.0
6908,4063685.2
6909,1117341.9
6910,7954238.5
6911,6891472.0
6912,11385318.0
6913,152526340.0
6914,139012220.0
6915,10032590.0
6916,11275427.0
6917,315253540.0
6918,41620508.0
6919,416830.7
6920,55230104.0
6921,62756756.0
6922,6841501.5
6923,776680.4
6924,21630.201
6925,12139597.0
6926,5319566.0
6927,522214.38
6928,19661074.0
6929,54084640.0
6930,57527684.0
6931,11167534.0
6932,3239524.8
6933,904323.94
6934,45757332.0
6935,460544.6
6936,12049698.0
6937,44539330.0
6938,2189878.5
6939,4737984.5
6940,72580190.0
6941,35128764.0
6942,3866381.0
6943,1011404.9
6944,55107308.0
6945,4403128.5
6946,41117496.0
6947,736114.5
6948,14442438.0
6949,30940652.0
6950,144103620.0
6951,841733.7
6952,8679428.0
6953,19271272.0
6954,5303473.0
6955,30018008.0
6956,2191554.2
6957,2374863.2
6958,1175399.4
6959,3040867.2
6960,14726503.0
6961,15629647.0
6962,67620184.0
6963,12698963.0
6964,14258832.0
6965,2263259.5
6966,38419036.0
6967,42653776.0
6968,5061613.0
6969,234966.67
6970,9981285.0
6971,58933040.0
6972,1076879.2
6973,20972742.0
6974,21402796.0
6975,2823885.5
6976,13769957.0
6977,589023.56
6978,1324066.4
6979,32417734.0
6980,17142546.0
6981,850179.7
6982,13628364.0
6983,322814.0
6984,49267456.0
6985,115742820.0
6986,20444984.0
6987,931199.06
6988,1809590.8
6989,3266695.5
6990,62640516.0
6991,1038202.7
6992,530948.2
6993,446401.94
6994,248479.28
6995,16487429.0
6996,38482844.0
6997,176810.23
6998,2560982.0
6999,64434956.0
7000,313215.53
7001,1072562.2
7002,723387.4
7003,4611847.5
7004,4788716.5
7005,632092.2
7006,327608.47
7007,2234806.2
7008,37130056.0
7009,3118571.5
7010,14850500.0
7011,482812.78
7012,1170864.9
7013,2080112.6
7014,225582.19
7015,61681244.0
7016,48401976.0
7017,5366408.0
7018,1908582.0
7019,34503824.0
7020,28891282.0
7021,8758412.0
7022,16103102.0
7023,22796112.0
7024,3749595.0
7025,2102211.2
7026,125084344.0
7027,34714204.0
7028,1162251.9
7029,18570544.0
7030,43112224.0
7031,43989124.0
7032,12002240.0
7033,1408514.0
7034,3726853.8
7035,7730834.0
7036,4600878.5
7037,2060841.1
7038,3550587.0
7039,22662628.0
7040,10235169.0
7041,22705158.0
7042,17682122.0
7043,1225439.8
7044,16417388.0
7045,15054182.0
7046,37058950.0
7047,62232756.0
7048,2595825.0
7049,19173600.0
7050,271315.03
7051,798035.7
7052,33135012.0
7053,4826809.0
7054,21154172.0
7055,104646520.0
7056,95371930.0
7057,1661058.5
7058,635821.3
7059,17562832.0
7060,7649866.5
7061,8289506.5
7062,37488140.0
7063,906724.7
7064,52950308.0
7065,17240392.0
7066,939476.9
7067,218660.94
7068,19253454.0
7069,3969947.5
7070,40141268.0
7071,71339864.0
7072,360869.03
7073,12820013.0
7074,6814335.0
7075,23238232.0
7076,33177384.0
7077,12620005.0
7078,38857452.0
7079,1005652.3
7080,3183994.5
7081,12340955.0
7082,788357.75
7083,796193.75
7084,18652084.0
7085,12037110.0
7086,24635.629
7087,63636668.0
7088,38710908.0
7089,5299847.5
7090,5253240.5
7091,1507694.6
7092,101784056.0
7093,24771106.0
7094,28322640.0
7095,3293054.5
7096,5620580.0
7097,45045612.0
7098,16024604.0
7099,46600050.0
7100,9699191.0
7101,19326154.0
7102,271315.03
7103,1954144.6
7104,6492617.5
7105,42259812.0
7106,15345537.0
7107,33728852.0
7108,1359821.1
7109,19732228.0
7110,887113.56
7111,806539.2
7112,62915316.0
7113,57968264.0
7114,12688673.0
7115,2422114.5
7116,2174729.5
7117,182010.61
7118,10984776.0
7119,12619524.0
7120,282080.5
7121,10998151.0
7122,611060.56
7123,945488.1
7124,139430190.0
7125,52555484.0
7126,274727330.0
7127,35621170.0
7128,8520308.0
7129,2204367.8
7130,3174238.0
7131,8008448.0
7132,3917415.0
7133,59862016.0
7134,26446978.0
7135,67890930.0
7136,27734968.0
7137,13234938.0
7138,7067484.5
7139,2760354.5
7140,76196980.0
7141,633680.2
7142,18080944.0
7143,50978564.0
7144,1277162.1
7145,35724110.0
7146,1852921.0
7147,33486168.0
7148,11069474.0
7149,2268395.8
7150,58820.766
7151,8112483.0
7152,52514200.0
7153,2042275.9
7154,20471948.0
7155,60707480.0
7156,4984941.5
7157,33423060.0
7158,804531.06
7159,2823858.5
7160,541325.25
7161,20509742.0
7162,138017280.0
7163,10398412.0
7164,1088647.8
7165,104589860.0
7166,12134156.0
7167,513159.56
7168,1215721.2
7169,1068297.2
7170,3504452.2
7171,8904179.0
7172,3641437.8
7173,1163405.1
7174,2525491.5
7175,688748.7
7176,10602167.0
7177,50674452.0
7178,36718412.0
7179,37853788.0
7180,221009.22
7181,1904601.9
7182,32031928.0
7183,142924.72
7184,576884700.0
7185,2260472.5
7186,20290176.0
7187,41125810.0
7188,30715802.0
7189,8367176.0
7190,3814240.2
7191,192686.98
7192,24920002.0
7193,1373823.2
7194,105998270.0
7195,11988375.0
7196,16635261.0
7197,6241793.5
7198,3267733.2
7199,2193214.2
7200,55302210.0
7201,829905.75
7202,16040108.0
7203,550899.1
7204,21521018.0
7205,106128960.0
7206,43342668.0
7207,137031790.0
7208,18190736.0
7209,3322616.0
7210,1207377.9
7211,343196.84
7212,4142190.8
7213,14825199.0
7214,7993835.5
7215,71047640.0
7216,39465380.0
7217,722338.2
7218,14197933.0
7219,9406733.0
7220,26036806.0
7221,13124281.0
7222,11720519.0
7223,906999.7
7224,5155678.5
7225,66736.234
7226,22066068.0
7227,30189978.0
7228,21471078.0
7229,18440232.0
7230,1349480.9
7231,12073025.0
7232,107338200.0
7233,154415840.0
7234,66741428.0
7235,21079378.0
7236,50256804.0
7237,12650226.0
7238,871990.25
7239,250242780.0
7240,33525790.0
7241,51149204.0
7242,5113016.0
7243,9937764.0
7244,14962036.0
7245,1321569.8
7246,233613.77
7247,22671664.0
7248,37132396.0
7249,440837.38
7250,660229.6
7251,22535986.0
7252,7386295.5
7253,6680539.5
7254,58397292.0
7255,409239.66
7256,2439454.2
7257,14905922.0
7258,32441176.0
7259,6734329.0
7260,320555.78
7261,163661220.0
7262,209397.84
7263,26809098.0
7264,4620348.5
7265,5800634.0
7266,21152680.0
7267,613265.56
7268,1606787.2
7269,42625310.0
7270,56069150.0
7271,1655166.6
7272,10823821.0
7273,3723865.8
7274,3680365.5
7275,16435215.0
7276,300801.62
7277,49605116.0
7278,221331000.0
7279,37966516.0
7280,54532124.0
7281,17201664.0
7282,32035472.0
7283,50321068.0
7284,826455.06
7285,36440172.0
7286,68466870.0
7287,8772924.0
7288,3089723.2
7289,40745804.0
7290,17873328.0
7291,7597511.5
7292,662902.2
7293,11863496.0
7294,6580794.5
7295,35252130.0
7296,246455.1
7297,12784899.0
7298,7896012.0
7299,799790.4
7300,2431024.0
7301,21731218.0
7302,701320.4
7303,630246.7
7304,7864005.5
7305,613898.7
7306,94377020.0
7307,338218.12
7308,401835.9
7309,12250734.0
7310,3161425.8
7311,4527630.5
7312,45838396.0
7313,113839550.0
7314,4518408.5
7315,3433079.8
7316,3015658.2
7317,10704088.0
7318,60808416.0
7319,6011175.5
7320,91127160.0
7321,2.210945
7322,1251456.6
7323,22204846.0
7324,9486950.0
7325,79468424.0
7326,106896480.0
7327,2354510.8
7328,39818860.0
7329,38977036.0
7330,86515900.0
7331,34258630.0
7332,24955390.0
7333,61319720.0
7334,3225467.5
7335,23120454.0
7336,3510048.0
7337,1930971.1
7338,33854860.0
7339,37487068.0
7340,3560369.2
7341,226957.62
7342,63417110.0
7343,6440476.0
7344,352101.62
7345,1190263.2
7346,5645070.5
7347,10222234.0
7348,2699493.5
7349,30624134.0
7350,11665788.0
7351,24043120.0
7352,176810.23
7353,796872.9
7354,94112.73
7355,21607432.0
7356,26713748.0
7357,2553163.8
7358,4319784.5
7359,46354844.0
7360,18308248.0
7361,239143.72
7362,90778296.0
7363,243441820.0
7364,399877.8
7365,28120516.0
7366,29375150.0
7367,772506.7
7368,2605398.2
7369,24225360.0
7370,43526252.0
7371,440581.84
7372,48666544.0
7373,138561950.0
7374,6366492.5
7375,42711172.0
7376,356915.22
7377,14097416.0
7378,35982812.0
7379,41071252.0
7380,3079973.8
7381,990152.7
7382,4524807.5
7383,605828.4
7384,24032116.0
7385,27654624.0
7386,12142769.0
7387,599549.1
7388,1912778.5
7389,943588.4
7390,508685.16
7391,1201011.1
7392,15975867.0
7393,262098160.0
7394,44375930.0
7395,14401919.0
7396,28306978.0
7397,14432497.0
7398,1205084.1
